Data,Campeonato,Partida,Mercado,Aposta Realizada,Valor Apostado,Odds,Resultado,Valor Recebido/Perdido
9/8/2013,Bundesliga,Bayern Munich x M'gladbach,1x2,Bayern Munich,44,1.13,Ganha,5.72
10/8/2013,Bundesliga,Hoffenheim x Nurnberg,1x2,Hoffenheim,41,1.68,Perdida,-41
10/8/2013,Bundesliga,Leverkusen x Freiburg,1x2,Leverkusen,45,1.15,Ganha,6.75
10/8/2013,Bundesliga,Augsburg x Dortmund,1x2,Dortmund,12,1.49,Ganha,5.88
10/8/2013,Bundesliga,Braunschweig x Werder Bremen,Mais/Menos 2.5 Gols,Menos de 2.5 Gols,13,2,Ganha,13
11/8/2013,Bundesliga,Schalke 04 x Hamburg,1x2,Schalke 04,25,1.15,Perdida,-25
17/8/2013,La Liga,Valencia x Malaga,1x2,Valencia,37,1.22,Ganha,8.14
17/8/2013,Premier League,Arsenal x Aston Villa,Primeiro a marcar,Arsenal para marcar 1º,11,1.49,Perdida,-11
17/8/2013,Premier League,Liverpool x Stoke,1x2,Liverpool,37,1.4,Ganha,14.8
17/8/2013,Premier League,Swansea x Man United,1x2,Man United,41,1.6,Ganha,24.6
17/8/2013,Bundesliga,Werder Bremen x Augsburg,1x2,Werder Bremen,30,1.52,Ganha,15.6
17/8/2013,Bundesliga,Ein Frankfurt x Bayern Munich,1x2,Bayern Munich,32,1.29,Ganha,9.28
17/8/2013,Bundesliga,Hamburg x Hoffenheim,1x2,Hoffenheim,37,2.8,Ganha,66.6
17/8/2013,Bundesliga,Stuttgart x Leverkusen,1x2,Leverkusen,22,1.68,Ganha,14.96
17/8/2013,Bundesliga,Wolfsburg x Schalke 04,Mais/Menos 2.5 Gols,Mais de 2.5 Gols,50,2.22,Ganha,61
18/8/2013,La Liga,Barcelona x Levante,Primeiro a marcar,Barcelona para marcar 1º,33,1.38,Ganha,12.54
18/8/2013,La Liga,Real Madrid x Betis,1x2,Real Madrid,32,1.17,Ganha,5.44
18/8/2013,La Liga,Sevilla x Ath Madrid,Mais/Menos 2.5 Gols,Menos de 2.5 Gols,16,2.24,Perdida,-16
18/8/2013,Premier League,Chelsea x Hull,1x2,Chelsea,39,1.2,Ganha,7.8
18/8/2013,Premier League,Crystal Palace x Tottenham,1x2,Tottenham,49,1.89,Ganha,43.61
18/8/2013,Bundesliga,Dortmund x Braunschweig,1x2,Dortmund,26,1.52,Ganha,13.52
19/8/2013,La Liga,Almeria x Villarreal,Primeiro a marcar,Villarreal para marcar 1º,35,2.2,Ganha,42
19/8/2013,Premier League,Man City x Newcastle,1x2,Man City,17,1.33,Ganha,5.61
21/8/2013,Premier League,Chelsea x Aston Villa,1x2,Chelsea,18,1.29,Ganha,5.22
23/8/2013,Bundesliga,Dortmund x Werder Bremen,1x2,Dortmund,50,1.56,Ganha,28
24/8/2013,La Liga,Villarreal x Valladolid,1x2,Villarreal,39,1.48,Ganha,18.72
24/8/2013,La Liga,Espanol x Valencia,1x2,Valencia,48,1.9,Perdida,-48
24/8/2013,Premier League,Aston Villa x Liverpool,Primeiro a marcar,Aston Villa para marcar 1º,43,3.2,Perdida,-43
24/8/2013,Premier League,Everton x West Brom,1x2,Everton,48,1.25,Perdida,-48
24/8/2013,Premier League,Fulham x Arsenal,1x2,Arsenal,28,2.18,Ganha,33.04
24/8/2013,Bundesliga,Bayern Munich x Nurnberg,1x2,Bayern Munich,18,1.1,Ganha,1.8
24/8/2013,Bundesliga,Hoffenheim x Freiburg,1x2,Hoffenheim,13,1.4,Perdida,-13
24/8/2013,Bundesliga,Leverkusen x M'gladbach,1x2,Leverkusen,43,1.33,Ganha,14.19
24/8/2013,Bundesliga,Hannover x Schalke 04,1x2,Schalke 04,27,2.08,Perdida,-27
25/8/2013,La Liga,Ath Madrid x Vallecano,1x2,Ath Madrid,37,1.67,Ganha,24.79
25/8/2013,La Liga,Levante x Sevilla,1x2,Sevilla,22,1.68,Perdida,-22
25/8/2013,La Liga,Malaga x Barcelona,1x2,Barcelona,17,1.22,Ganha,3.74
25/8/2013,Premier League,Tottenham x Swansea,1x2,Tottenham,13,1.67,Ganha,8.71
25/8/2013,Premier League,Cardiff x Man City,1x2,Man City,30,1.15,Perdida,-30
26/8/2013,La Liga,Granada x Real Madrid,1x2,Real Madrid,22,1.33,Ganha,7.26
26/8/2013,Premier League,Man United x Chelsea,1x2,Man United,37,1.96,Perdida,-37
27/8/2013,Bundesliga,Freiburg x Bayern Munich,1x2,Bayern Munich,41,1.25,Perdida,-41
31/8/2013,La Liga,Osasuna x Villarreal,1x2,Villarreal,12,2.3,Ganha,15.6
31/8/2013,Premier League,Man City x Hull,1x2,Man City,38,1.17,Ganha,6.46
31/8/2013,Bundesliga,Schalke 04 x Leverkusen,Mais/Menos 2.5 Gols,Mais de 2.5 Gols,37,2.56,Ganha,57.72
31/8/2013,Bundesliga,M'gladbach x Werder Bremen,Mais/Menos 2.5 Gols,Menos de 2.5 Gols,47,3.6,Perdida,-47
1/9/2013,La Liga,Real Madrid x Ath Bilbao,Primeiro a marcar,Real Madrid para marcar 1º,36,1.17,Ganha,6.12
1/9/2013,La Liga,Sevilla x Malaga,1x2,Sevilla,49,1.29,Perdida,-49
1/9/2013,La Liga,Valencia x Barcelona,Primeiro a marcar,Valencia para marcar 1º,28,4.4,Perdida,-28
1/9/2013,La Liga,Sociedad x Ath Madrid,1x2,Ath Madrid,19,2.47,Ganha,27.93
1/9/2013,Premier League,Arsenal x Tottenham,1x2,Arsenal,39,2.18,Ganha,46.02
1/9/2013,Premier League,Liverpool x Man United,1x2,Liverpool,31,2.1,Ganha,34.1
1/9/2013,Bundesliga,Ein Frankfurt x Dortmund,1x2,Dortmund,48,1.56,Ganha,26.88
1/9/2013,Bundesliga,Stuttgart x Hoffenheim,1x2,Hoffenheim,32,2.32,Perdida,-32
14/9/2013,La Liga,Ath Madrid x Almeria,1x2,Ath Madrid,18,1.62,Ganha,11.16
14/9/2013,La Liga,Barcelona x Sevilla,Primeiro a marcar,Barcelona para marcar 1º,25,1.18,Ganha,4.5
14/9/2013,La Liga,Villarreal x Real Madrid,Mais/Menos 2.5 Gols,Menos de 2.5 Gols,14,4.4,Perdida,-14
14/9/2013,Premier League,Aston Villa x Newcastle,1x2,Aston Villa,39,1.72,Perdida,-39
14/9/2013,Premier League,Everton x Chelsea,Mais/Menos 2.5 Gols,Mais de 2.5 Gols,15,2.72,Ganha,25.8
14/9/2013,Premier League,Man United x Crystal Palace,1x2,Man United,37,1.22,Ganha,8.14
14/9/2013,Premier League,Tottenham x Norwich,Primeiro a marcar,Tottenham para marcar 1º,34,2.35,Ganha,45.9
14/9/2013,Premier League,Stoke x Man City,1x2,Man City,26,1.32,Perdida,-26
14/9/2013,Premier League,Sunderland x Arsenal,1x2,Arsenal,31,1.72,Ganha,22.32
14/9/2013,Bundesliga,Bayern Munich x Hannover,1x2,Bayern Munich,42,1.13,Ganha,5.46
14/9/2013,Bundesliga,Dortmund x Hamburg,1x2,Dortmund,50,1.62,Ganha,31
14/9/2013,Bundesliga,Leverkusen x Wolfsburg,Primeiro a marcar,Leverkusen para marcar 1º,16,1.44,Ganha,7.04
14/9/2013,Bundesliga,Werder Bremen x Ein Frankfurt,1x2,Werder Bremen,18,1.96,Perdida,-18
14/9/2013,Bundesliga,Mainz x Schalke 04,Mais/Menos 2.5 Gols,Menos de 2.5 Gols,16,2.08,Ganha,17.28
15/9/2013,La Liga,Betis x Valencia,Mais/Menos 2.5 Gols,Menos de 2.5 Gols,28,2.1,Perdida,-28
15/9/2013,Bundesliga,Hoffenheim x M'gladbach,Mais/Menos 2.5 Gols,Mais de 2.5 Gols,11,2.32,Ganha,14.52
16/9/2013,Premier League,Swansea x Liverpool,1x2,Liverpool,43,1.76,Perdida,-43
21/9/2013,La Liga,Valladolid x Ath Madrid,1x2,Ath Madrid,26,1.76,Ganha,19.76
21/9/2013,La Liga,Vallecano x Barcelona,1x2,Barcelona,14,1.2,Ganha,2.8
21/9/2013,Premier League,Chelsea x Fulham,1x2,Chelsea,23,1.3,Ganha,6.9
21/9/2013,Premier League,Liverpool x Southampton,1x2,Liverpool,37,1.28,Perdida,-37
21/9/2013,Premier League,Norwich x Aston Villa,1x2,Aston Villa,35,2.56,Ganha,54.6
21/9/2013,Bundesliga,Schalke 04 x Bayern Munich,Primeiro a marcar,Schalke 04 para marcar 1º,24,4.4,Perdida,-24
21/9/2013,Bundesliga,Hamburg x Werder Bremen,1x2,Werder Bremen,50,3.12,Ganha,106
21/9/2013,Bundesliga,Mainz x Leverkusen,1x2,Leverkusen,17,1.64,Ganha,10.88
21/9/2013,Bundesliga,Nurnberg x Dortmund,Primeiro a marcar,Dortmund para marcar 1º,49,1.72,Perdida,-49
21/9/2013,Bundesliga,Wolfsburg x Hoffenheim,Mais/Menos 2.5 Gols,Menos de 2.5 Gols,10,3.36,Perdida,-10
22/9/2013,La Liga,Real Madrid x Getafe,1x2,Real Madrid,14,1.13,Ganha,1.82
22/9/2013,La Liga,Valencia x Sevilla,1x2,Valencia,22,1.52,Ganha,11.44
22/9/2013,La Liga,Celta x Villarreal,1x2,Villarreal,50,2,Perdida,-50
22/9/2013,Premier League,Arsenal x Stoke,1x2,Arsenal,18,1.76,Ganha,13.68
22/9/2013,Premier League,Man City x Man United,1x2,Man City,20,1.76,Ganha,15.2
22/9/2013,Premier League,Cardiff x Tottenham,1x2,Tottenham,19,1.97,Ganha,18.43
24/9/2013,La Liga,Ath Madrid x Osasuna,Primeiro a marcar,Ath Madrid para marcar 1º,37,1.56,Ganha,20.72
24/9/2013,La Liga,Barcelona x Sociedad,1x2,Barcelona,14,1.13,Ganha,1.82
25/9/2013,La Liga,Sevilla x Vallecano,1x2,Sevilla,49,1.15,Ganha,7.35
25/9/2013,La Liga,Elche x Real Madrid,1x2,Real Madrid,12,1.29,Ganha,3.48
25/9/2013,La Liga,Granada x Valencia,Primeiro a marcar,Valencia para marcar 1º,34,1.84,Ganha,28.56
26/9/2013,La Liga,Villarreal x Espanol,Primeiro a marcar,Villarreal para marcar 1º,10,1.38,Ganha,3.8
28/9/2013,La Liga,Real Madrid x Ath Madrid,1x2,Real Madrid,31,1.29,Perdida,-31
28/9/2013,La Liga,Valencia x Vallecano,1x2,Valencia,38,1.29,Ganha,11.02
28/9/2013,La Liga,Almeria x Barcelona,1x2,Barcelona,23,1.18,Ganha,4.14
28/9/2013,La Liga,Sociedad x Sevilla,1x2,Sevilla,48,2.56,Perdida,-48
28/9/2013,Premier League,Aston Villa x Man City,1x2,Aston Villa,26,5.2,Ganha,109.2
28/9/2013,Premier League,Man United x West Brom,1x2,Man United,23,1.3,Perdida,-23
28/9/2013,Premier League,Tottenham x Chelsea,Mais/Menos 2.5 Gols,Mais de 2.5 Gols,17,2.16,Perdida,-17
28/9/2013,Premier League,Swansea x Arsenal,Mais/Menos 2.5 Gols,Menos de 2.5 Gols,40,1.9,Ganha,36
28/9/2013,Bundesliga,Bayern Munich x Wolfsburg,1x2,Bayern Munich,22,1.14,Ganha,3.08
28/9/2013,Bundesliga,Dortmund x Freiburg,1x2,Dortmund,44,1.53,Ganha,23.32
28/9/2013,Bundesliga,Hoffenheim x Schalke 04,1x2,Hoffenheim,49,2.24,Perdida,-49
28/9/2013,Bundesliga,Leverkusen x Hannover,1x2,Leverkusen,40,1.33,Ganha,13.2
29/9/2013,La Liga,Betis x Villarreal,Mais/Menos 2.5 Gols,Mais de 2.5 Gols,29,2.2,Perdida,-29
29/9/2013,Premier League,Sunderland x Liverpool,1x2,Liverpool,29,1.36,Ganha,10.44
29/9/2013,Bundesliga,Werder Bremen x Nurnberg,1x2,Werder Bremen,17,1.64,Perdida,-17
30/9/2013,Premier League,Everton x Newcastle,1x2,Everton,12,1.32,Ganha,3.84
4/10/2013,La Liga,Villarreal x Granada,Primeiro a marcar,Villarreal para marcar 1º,25,1.15,Ganha,3.75
5/10/2013,La Liga,Barcelona x Valladolid,1x2,Barcelona,10,1.09,Ganha,0.9
5/10/2013,La Liga,Levante x Real Madrid,1x2,Real Madrid,29,1.33,Ganha,9.57
5/10/2013,Premier League,Liverpool x Crystal Palace,1x2,Liverpool,47,1.2,Ganha,9.4
5/10/2013,Premier League,Man City x Everton,1x2,Man City,27,1.33,Ganha,8.91
5/10/2013,Premier League,Hull x Aston Villa,Primeiro a marcar,Aston Villa para marcar 1º,27,2.56,Perdida,-27
5/10/2013,Premier League,Sunderland x Man United,Primeiro a marcar,Man United para marcar 1º,20,1.32,Ganha,6.4
5/10/2013,Bundesliga,Leverkusen x Bayern Munich,Mais/Menos 2.5 Gols,Mais de 2.5 Gols,14,4,Perdida,-14
5/10/2013,Bundesliga,Schalke 04 x Augsburg,1x2,Schalke 04,43,1.38,Ganha,16.34
5/10/2013,Bundesliga,Mainz x Hoffenheim,1x2,Hoffenheim,16,2.4,Perdida,-16
5/10/2013,Bundesliga,M'gladbach x Dortmund,1x2,Dortmund,29,1.72,Perdida,-29
5/10/2013,Bundesliga,Stuttgart x Werder Bremen,Mais/Menos 2.5 Gols,Mais de 2.5 Gols,31,3.8,Perdida,-31
6/10/2013,La Liga,Ath Madrid x Celta,Primeiro a marcar,Ath Madrid para marcar 1º,18,1.58,Ganha,10.44
6/10/2013,La Liga,Sevilla x Almeria,1x2,Sevilla,32,1.15,Ganha,4.8
6/10/2013,La Liga,Ath Bilbao x Valencia,Primeiro a marcar,Valencia para marcar 1º,26,2.64,Perdida,-26
6/10/2013,Premier League,Tottenham x West Ham,1x2,Tottenham,15,1.49,Perdida,-15
6/10/2013,Premier League,Norwich x Chelsea,1x2,Chelsea,28,1.29,Ganha,8.12
6/10/2013,Premier League,West Brom x Arsenal,1x2,Arsenal,10,1.82,Perdida,-10
18/10/2013,Bundesliga,Hoffenheim x Leverkusen,1x2,Hoffenheim,26,2.6,Perdida,-26
19/10/2013,La Liga,Real Madrid x Malaga,1x2,Real Madrid,22,1.2,Ganha,4.4
19/10/2013,La Liga,Valencia x Sociedad,1x2,Valencia,41,1.38,Perdida,-41
19/10/2013,La Liga,Espanol x Ath Madrid,1x2,Ath Madrid,31,1.72,Perdida,-31
19/10/2013,La Liga,Osasuna x Barcelona,1x2,Barcelona,36,1.22,Perdida,-36
19/10/2013,Premier League,Arsenal x Norwich,1x2,Arsenal,40,1.67,Ganha,26.8
19/10/2013,Premier League,Chelsea x Cardiff,1x2,Chelsea,50,1.25,Ganha,12.5
19/10/2013,Premier League,Everton x Hull,1x2,Everton,16,1.16,Ganha,2.56
19/10/2013,Premier League,Man United x Southampton,1x2,Man United,42,1.25,Perdida,-42
19/10/2013,Premier League,Newcastle x Liverpool,1x2,Liverpool,49,1.46,Perdida,-49
19/10/2013,Premier League,West Ham x Man City,1x2,Man City,43,1.38,Ganha,16.34
19/10/2013,Bundesliga,Bayern Munich x Mainz,1x2,Bayern Munich,40,1.1,Ganha,4
19/10/2013,Bundesliga,Dortmund x Hannover,1x2,Dortmund,30,1.58,Ganha,17.4
19/10/2013,Bundesliga,Werder Bremen x Freiburg,1x2,Werder Bremen,48,1.56,Perdida,-48
19/10/2013,Bundesliga,Braunschweig x Schalke 04,1x2,Schalke 04,23,1.38,Ganha,8.74
20/10/2013,La Liga,Valladolid x Sevilla,1x2,Sevilla,25,1.92,Perdida,-25
20/10/2013,Premier League,Aston Villa x Tottenham,Primeiro a marcar,Aston Villa para marcar 1º,37,3.2,Perdida,-37
21/10/2013,La Liga,Ath Bilbao x Villarreal,Primeiro a marcar,Villarreal para marcar 1º,27,2.56,Perdida,-27
26/10/2013,La Liga,Barcelona x Real Madrid,Primeiro a marcar,Barcelona para marcar 1º,42,2.4,Ganha,58.8
26/10/2013,Premier League,Aston Villa x Everton,1x2,Aston Villa,32,2.72,Perdida,-32
26/10/2013,Premier League,Liverpool x West Brom,1x2,Liverpool,30,1.15,Ganha,4.5
26/10/2013,Premier League,Man United x Stoke,1x2,Man United,32,1.33,Ganha,10.56
26/10/2013,Premier League,Crystal Palace x Arsenal,1x2,Arsenal,35,1.76,Ganha,26.6
26/10/2013,Bundesliga,Bayern Munich x Hertha,1x2,Bayern Munich,35,1.1,Ganha,3.5
26/10/2013,Bundesliga,Leverkusen x Augsburg,1x2,Leverkusen,49,1.2,Ganha,9.8
26/10/2013,Bundesliga,Schalke 04 x Dortmund,Mais/Menos 2.5 Gols,Menos de 2.5 Gols,26,3.36,Perdida,-26
26/10/2013,Bundesliga,Hannover x Hoffenheim,1x2,Hoffenheim,44,2.32,Ganha,58.08
26/10/2013,Bundesliga,Wolfsburg x Werder Bremen,Mais/Menos 2.5 Gols,Menos de 2.5 Gols,41,4.4,Perdida,-41
27/10/2013,La Liga,Ath Madrid x Betis,1x2,Ath Madrid,27,1.62,Ganha,16.74
27/10/2013,La Liga,Sevilla x Osasuna,1x2,Sevilla,45,1.2,Ganha,9
27/10/2013,La Liga,Villarreal x Valencia,Primeiro a marcar,Villarreal para marcar 1º,35,1.56,Ganha,19.6
27/10/2013,Premier League,Chelsea x Man City,Primeiro a marcar,Chelsea para marcar 1º,33,1.9,Ganha,29.7
27/10/2013,Premier League,Tottenham x Hull,1x2,Tottenham,49,1.49,Ganha,24.01
29/10/2013,La Liga,Celta x Barcelona,1x2,Barcelona,44,1.29,Ganha,12.76
30/10/2013,La Liga,Real Madrid x Sevilla,1x2,Real Madrid,25,1.18,Ganha,4.5
30/10/2013,La Liga,Valencia x Almeria,Primeiro a marcar,Valencia para marcar 1º,13,1.4,Perdida,-13
31/10/2013,La Liga,Villarreal x Getafe,1x2,Villarreal,50,1.15,Perdida,-50
31/10/2013,La Liga,Granada x Ath Madrid,1x2,Ath Madrid,24,1.58,Ganha,13.92
1/11/2013,La Liga,Barcelona x Espanol,Primeiro a marcar,Barcelona para marcar 1º,28,1.09,Ganha,2.52
1/11/2013,Bundesliga,Dortmund x Stuttgart,Primeiro a marcar,Dortmund para marcar 1º,31,1.58,Ganha,17.98
2/11/2013,La Liga,Sevilla x Celta,1x2,Sevilla,13,1.2,Perdida,-13
2/11/2013,La Liga,Vallecano x Real Madrid,1x2,Real Madrid,22,1.25,Ganha,5.5
2/11/2013,Premier League,Arsenal x Liverpool,1x2,Arsenal,38,2.39,Ganha,52.82
2/11/2013,Premier League,Man City x Norwich,1x2,Man City,37,1.2,Ganha,7.4
2/11/2013,Premier League,Fulham x Man United,1x2,Man United,10,1.25,Ganha,2.5
2/11/2013,Premier League,Newcastle x Chelsea,1x2,Chelsea,37,1.29,Perdida,-37
2/11/2013,Premier League,West Ham x Aston Villa,1x2,Aston Villa,35,2.72,Perdida,-35
2/11/2013,Bundesliga,Hoffenheim x Bayern Munich,1x2,Hoffenheim,30,9.6,Perdida,-30
2/11/2013,Bundesliga,Braunschweig x Leverkusen,1x2,Leverkusen,11,1.15,Perdida,-11
2/11/2013,Bundesliga,Hertha x Schalke 04,1x2,Schalke 04,45,2.4,Ganha,63
3/11/2013,La Liga,Ath Madrid x Ath Bilbao,Primeiro a marcar,Ath Madrid para marcar 1º,49,1.69,Ganha,33.81
3/11/2013,La Liga,Getafe x Valencia,1x2,Valencia,15,2.2,Ganha,18
3/11/2013,Premier League,Everton x Tottenham,1x2,Everton,15,2,Perdida,-15
3/11/2013,Bundesliga,Werder Bremen x Hannover,1x2,Werder Bremen,14,1.8,Ganha,11.2
4/11/2013,La Liga,Elche x Villarreal,1x2,Villarreal,31,1.76,Ganha,23.56
9/11/2013,La Liga,Real Madrid x Sociedad,1x2,Real Madrid,30,1.14,Ganha,4.2
9/11/2013,Premier League,Aston Villa x Cardiff,1x2,Aston Villa,28,1.6,Ganha,16.8
9/11/2013,Premier League,Chelsea x West Brom,1x2,Chelsea,44,1.29,Perdida,-44
9/11/2013,Premier League,Liverpool x Fulham,1x2,Liverpool,41,1.25,Ganha,10.25
9/11/2013,Bundesliga,Bayern Munich x Augsburg,1x2,Bayern Munich,10,1.13,Ganha,1.3
9/11/2013,Bundesliga,Hoffenheim x Hertha,1x2,Hoffenheim,20,1.76,Perdida,-20
9/11/2013,Bundesliga,Leverkusen x Hamburg,1x2,Leverkusen,42,1.2,Ganha,8.4
9/11/2013,Bundesliga,Schalke 04 x Werder Bremen,1x2,Schalke 04,14,1.25,Ganha,3.5
9/11/2013,Bundesliga,Wolfsburg x Dortmund,1x2,Dortmund,48,1.79,Perdida,-48
10/11/2013,La Liga,Valencia x Valladolid,1x2,Valencia,40,1.22,Perdida,-40
10/11/2013,La Liga,Villarreal x Ath Madrid,Primeiro a marcar,Villarreal para marcar 1º,38,2.72,Perdida,-38
10/11/2013,La Liga,Espanol x Sevilla,1x2,Sevilla,22,2.4,Ganha,30.8
10/11/2013,La Liga,Betis x Barcelona,1x2,Barcelona,14,1.25,Ganha,3.5
10/11/2013,Premier League,Man United x Arsenal,Mais/Menos 2.5 Gols,Mais de 2.5 Gols,19,1.88,Ganha,16.72
10/11/2013,Premier League,Tottenham x Newcastle,1x2,Tottenham,38,1.62,Perdida,-38
10/11/2013,Premier League,Sunderland x Man City,1x2,Man City,26,1.4,Perdida,-26
23/11/2013,La Liga,Ath Madrid x Getafe,1x2,Ath Madrid,37,1.58,Ganha,21.46
23/11/2013,La Liga,Barcelona x Granada,1x2,Barcelona,49,1.13,Ganha,6.37
23/11/2013,La Liga,Almeria x Real Madrid,1x2,Real Madrid,24,1.29,Ganha,6.96
23/11/2013,Premier League,Arsenal x Southampton,1x2,Arsenal,18,1.67,Ganha,12.06
23/11/2013,Premier League,Everton x Liverpool,Primeiro a marcar,Everton para marcar 1º,47,2.4,Perdida,-47
23/11/2013,Premier League,West Ham x Chelsea,Primeiro a marcar,Chelsea para marcar 1º,35,1.29,Ganha,10.15
23/11/2013,Bundesliga,Dortmund x Bayern Munich,Primeiro a marcar,Dortmund para marcar 1º,27,3.74,Perdida,-27
23/11/2013,Bundesliga,Augsburg x Hoffenheim,Mais/Menos 2.5 Gols,Mais de 2.5 Gols,44,2.64,Ganha,72.16
23/11/2013,Bundesliga,Ein Frankfurt x Schalke 04,1x2,Schalke 04,20,2.08,Perdida,-20
23/11/2013,Bundesliga,Hertha x Leverkusen,Mais/Menos 2.5 Gols,Menos de 2.5 Gols,14,1.9,Ganha,12.6
24/11/2013,La Liga,Sevilla x Betis,Primeiro a marcar,Sevilla para marcar 1º,45,2.33,Ganha,59.85
24/11/2013,La Liga,Elche x Valencia,1x2,Valencia,17,2,Perdida,-17
24/11/2013,La Liga,Levante x Villarreal,1x2,Villarreal,47,1.68,Ganha,31.96
24/11/2013,Premier League,Man City x Tottenham,1x2,Man City,41,1.36,Ganha,14.76
24/11/2013,Premier League,Cardiff x Man United,1x2,Man United,41,1.32,Perdida,-41
24/11/2013,Bundesliga,Werder Bremen x Mainz,1x2,Werder Bremen,31,1.9,Perdida,-31
25/11/2013,Premier League,West Brom x Aston Villa,Mais/Menos 2.5 Gols,Menos de 2.5 Gols,33,3.04,Perdida,-33
29/11/2013,La Liga,Villarreal x Malaga,1x2,Villarreal,10,1.15,Perdida,-10
30/11/2013,La Liga,Real Madrid x Valladolid,1x2,Real Madrid,20,1.13,Ganha,2.6
30/11/2013,La Liga,Elche x Ath Madrid,Primeiro a marcar,Ath Madrid para marcar 1º,24,1.56,Ganha,13.44
30/11/2013,Premier League,Aston Villa x Sunderland,1x2,Aston Villa,24,1.6,Perdida,-24
30/11/2013,Premier League,Everton x Stoke,1x2,Everton,43,1.29,Ganha,12.47
30/11/2013,Premier League,Cardiff x Arsenal,1x2,Arsenal,34,1.67,Ganha,22.78
30/11/2013,Bundesliga,Bayern Munich x Braunschweig,1x2,Bayern Munich,37,1.06,Ganha,2.22
30/11/2013,Bundesliga,Hoffenheim x Werder Bremen,1x2,Hoffenheim,15,1.44,Perdida,-15
30/11/2013,Bundesliga,Leverkusen x Nurnberg,1x2,Leverkusen,16,1.15,Ganha,2.4
30/11/2013,Bundesliga,Schalke 04 x Stuttgart,Primeiro a marcar,Schalke 04 para marcar 1º,50,1.33,Ganha,16.5
30/11/2013,Bundesliga,Mainz x Dortmund,1x2,Dortmund,23,1.62,Ganha,14.26
1/12/2013,La Liga,Valencia x Osasuna,Primeiro a marcar,Valencia para marcar 1º,21,1.4,Ganha,8.4
1/12/2013,La Liga,Ath Bilbao x Barcelona,Primeiro a marcar,Barcelona para marcar 1º,27,1.28,Perdida,-27
1/12/2013,La Liga,Granada x Sevilla,1x2,Sevilla,41,2,Ganha,41
1/12/2013,Premier League,Chelsea x Southampton,1x2,Chelsea,26,1.25,Ganha,6.5
1/12/2013,Premier League,Man City x Swansea,1x2,Man City,27,1.29,Ganha,7.83
1/12/2013,Premier League,Tottenham x Man United,Primeiro a marcar,Tottenham para marcar 1º,50,2.91,Perdida,-50
1/12/2013,Premier League,Hull x Liverpool,1x2,Liverpool,47,1.29,Perdida,-47
4/12/2013,Premier League,Arsenal x Hull,1x2,Arsenal,10,1.56,Ganha,5.6
4/12/2013,Premier League,Liverpool x Norwich,1x2,Liverpool,18,1.29,Ganha,5.22
4/12/2013,Premier League,Man United x Everton,1x2,Man United,12,1.38,Perdida,-12
4/12/2013,Premier League,Fulham x Tottenham,1x2,Tottenham,49,1.72,Ganha,35.28
4/12/2013,Premier League,Southampton x Aston Villa,1x2,Aston Villa,23,4.6,Ganha,82.8
4/12/2013,Premier League,Sunderland x Chelsea,1x2,Chelsea,13,1.24,Ganha,3.12
4/12/2013,Premier League,West Brom x Man City,1x2,Man City,13,1.29,Ganha,3.77
7/12/2013,Premier League,Liverpool x West Ham,1x2,Liverpool,21,1.29,Ganha,6.09
7/12/2013,Premier League,Man United x Newcastle,1x2,Man United,40,1.22,Perdida,-40
7/12/2013,Premier League,Southampton x Man City,1x2,Man City,37,1.4,Perdida,-37
7/12/2013,Premier League,Stoke x Chelsea,1x2,Chelsea,46,1.25,Perdida,-46
7/12/2013,Premier League,Sunderland x Tottenham,1x2,Tottenham,13,1.97,Ganha,12.61
7/12/2013,Bundesliga,Dortmund x Leverkusen,1x2,Dortmund,41,1.56,Perdida,-41
7/12/2013,Bundesliga,Werder Bremen x Bayern Munich,Mais/Menos 2.5 Gols,Menos de 2.5 Gols,24,9.6,Perdida,-24
7/12/2013,Bundesliga,Ein Frankfurt x Hoffenheim,1x2,Hoffenheim,20,2.6,Ganha,32
7/12/2013,Bundesliga,M'gladbach x Schalke 04,Mais/Menos 2.5 Gols,Mais de 2.5 Gols,15,2.48,Perdida,-15
8/12/2013,Premier League,Arsenal x Everton,Primeiro a marcar,Arsenal para marcar 1º,46,1.76,Perdida,-46
8/12/2013,Premier League,Fulham x Aston Villa,Mais/Menos 2.5 Gols,Menos de 2.5 Gols,14,2.24,Perdida,-14
13/12/2013,Bundesliga,Hertha x Werder Bremen,Primeiro a marcar,Werder Bremen para marcar 1º,31,4.2,Perdida,-31
14/12/2013,La Liga,Barcelona x Villarreal,1x2,Barcelona,50,1.29,Ganha,14.5
14/12/2013,La Liga,Osasuna x Real Madrid,1x2,Real Madrid,46,1.22,Perdida,-46
14/12/2013,Premier League,Chelsea x Crystal Palace,1x2,Chelsea,31,1.18,Ganha,5.58
14/12/2013,Premier League,Everton x Fulham,1x2,Everton,40,1.36,Ganha,14.4
14/12/2013,Premier League,Man City x Arsenal,1x2,Man City,34,1.46,Ganha,15.64
14/12/2013,Bundesliga,Bayern Munich x Hamburg,1x2,Bayern Munich,25,1.1,Ganha,2.5
14/12/2013,Bundesliga,Hoffenheim x Dortmund,1x2,Hoffenheim,49,3.46,Perdida,-49
15/12/2013,La Liga,Ath Madrid x Valencia,1x2,Ath Madrid,28,1.72,Ganha,20.16
15/12/2013,La Liga,Sevilla x Ath Bilbao,1x2,Sevilla,38,1.56,Perdida,-38
15/12/2013,Premier League,Aston Villa x Man United,1x2,Aston Villa,43,4.2,Perdida,-43
15/12/2013,Premier League,Tottenham x Liverpool,1x2,Tottenham,37,2.6,Perdida,-37
15/12/2013,Bundesliga,Leverkusen x Ein Frankfurt,1x2,Leverkusen,44,1.15,Perdida,-44
15/12/2013,Bundesliga,Schalke 04 x Freiburg,1x2,Schalke 04,32,1.4,Ganha,12.8
21/12/2013,La Liga,Ath Madrid x Levante,1x2,Ath Madrid,24,1.48,Ganha,11.52
21/12/2013,La Liga,Villarreal x Sevilla,1x2,Villarreal,43,1.48,Perdida,-43
21/12/2013,Premier League,Liverpool x Cardiff,1x2,Liverpool,33,1.2,Ganha,6.6
21/12/2013,Premier League,Man United x West Ham,1x2,Man United,13,1.36,Ganha,4.68
21/12/2013,Premier League,Fulham x Man City,1x2,Man City,37,1.36,Ganha,13.32
21/12/2013,Premier League,Stoke x Aston Villa,Primeiro a marcar,Aston Villa para marcar 1º,17,2.8,Perdida,-17
21/12/2013,Bundesliga,Dortmund x Hertha,1x2,Dortmund,40,1.76,Perdida,-40
21/12/2013,Bundesliga,Werder Bremen x Leverkusen,Mais/Menos 2.5 Gols,Menos de 2.5 Gols,40,3.6,Ganha,104
21/12/2013,Bundesliga,Braunschweig x Hoffenheim,1x2,Hoffenheim,19,1.52,Perdida,-19
21/12/2013,Bundesliga,Nurnberg x Schalke 04,1x2,Schalke 04,40,1.64,Perdida,-40
22/12/2013,La Liga,Valencia x Real Madrid,1x2,Valencia,44,4.4,Perdida,-44
22/12/2013,La Liga,Getafe x Barcelona,1x2,Barcelona,27,1.4,Ganha,10.8
22/12/2013,Premier League,Southampton x Tottenham,Primeiro a marcar,Tottenham para marcar 1º,32,3.12,Ganha,67.84
23/12/2013,Premier League,Arsenal x Chelsea,1x2,Arsenal,30,2.47,Perdida,-30
26/12/2013,Premier League,Aston Villa x Crystal Palace,1x2,Aston Villa,34,1.52,Perdida,-34
26/12/2013,Premier League,Chelsea x Swansea,1x2,Chelsea,36,1.33,Ganha,11.88
26/12/2013,Premier League,Everton x Sunderland,1x2,Everton,22,1.36,Perdida,-22
26/12/2013,Premier League,Man City x Liverpool,1x2,Man City,45,1.4,Ganha,18
26/12/2013,Premier League,Tottenham x West Brom,Primeiro a marcar,Tottenham para marcar 1º,35,1.58,Perdida,-35
26/12/2013,Premier League,Hull x Man United,1x2,Man United,19,1.24,Ganha,4.56
26/12/2013,Premier League,West Ham x Arsenal,1x2,Arsenal,28,1.67,Ganha,18.76
28/12/2013,Premier League,Aston Villa x Swansea,Mais/Menos 2.5 Gols,Menos de 2.5 Gols,24,2.4,Perdida,-24
28/12/2013,Premier League,Man City x Crystal Palace,1x2,Man City,10,1.13,Ganha,1.3
28/12/2013,Premier League,Norwich x Man United,1x2,Man United,10,1.25,Ganha,2.5
29/12/2013,Premier League,Chelsea x Liverpool,1x2,Chelsea,44,1.56,Ganha,24.64
29/12/2013,Premier League,Everton x Southampton,1x2,Everton,22,1.46,Ganha,10.12
29/12/2013,Premier League,Tottenham x Stoke,1x2,Tottenham,32,1.49,Ganha,15.68
29/12/2013,Premier League,Newcastle x Arsenal,1x2,Arsenal,26,2.08,Ganha,28.08
1/1/2014,Premier League,Arsenal x Cardiff,1x2,Arsenal,12,1.67,Ganha,8.04
1/1/2014,Premier League,Liverpool x Hull,1x2,Liverpool,44,1.3,Ganha,13.2
1/1/2014,Premier League,Man United x Tottenham,1x2,Man United,47,1.44,Perdida,-47
1/1/2014,Premier League,Southampton x Chelsea,1x2,Chelsea,28,1.64,Ganha,17.92
1/1/2014,Premier League,Sunderland x Aston Villa,1x2,Aston Villa,11,3,Ganha,22
1/1/2014,Premier League,Swansea x Man City,1x2,Man City,26,1.29,Ganha,7.54
4/1/2014,La Liga,Valencia x Levante,1x2,Valencia,18,1.15,Ganha,2.7
4/1/2014,La Liga,Malaga x Ath Madrid,1x2,Ath Madrid,13,1.58,Ganha,7.54
5/1/2014,La Liga,Barcelona x Elche,1x2,Barcelona,35,1.07,Ganha,2.45
5/1/2014,La Liga,Sevilla x Getafe,1x2,Sevilla,37,1.22,Ganha,8.14
6/1/2014,La Liga,Real Madrid x Celta,1x2,Real Madrid,37,1.1,Ganha,3.7
6/1/2014,La Liga,Vallecano x Villarreal,1x2,Villarreal,16,1.72,Ganha,11.52
11/1/2014,La Liga,Ath Madrid x Barcelona,Primeiro a marcar,Ath Madrid para marcar 1º,34,3.22,Perdida,-34
11/1/2014,La Liga,Celta x Valencia,1x2,Valencia,27,1.84,Perdida,-27
11/1/2014,La Liga,Elche x Sevilla,1x2,Sevilla,45,1.72,Perdida,-45
11/1/2014,Premier League,Everton x Norwich,1x2,Everton,44,1.4,Ganha,17.6
11/1/2014,Premier League,Man United x Swansea,Primeiro a marcar,Man United para marcar 1º,32,2.25,Ganha,40
11/1/2014,Premier League,Tottenham x Crystal Palace,1x2,Tottenham,50,1.76,Ganha,38
11/1/2014,Premier League,Hull x Chelsea,1x2,Chelsea,26,1.28,Ganha,7.28
12/1/2014,La Liga,Espanol x Real Madrid,1x2,Real Madrid,41,1.33,Ganha,13.53
12/1/2014,Premier League,Newcastle x Man City,1x2,Man City,27,1.36,Ganha,9.72
12/1/2014,Premier League,Stoke x Liverpool,1x2,Liverpool,46,1.33,Ganha,15.18
13/1/2014,La Liga,Villarreal x Sociedad,1x2,Villarreal,21,1.52,Ganha,10.92
13/1/2014,Premier League,Aston Villa x Arsenal,Primeiro a marcar,Aston Villa para marcar 1º,21,4.8,Perdida,-21
17/1/2014,La Liga,Malaga x Valencia,1x2,Valencia,24,2.1,Perdida,-24
18/1/2014,La Liga,Betis x Real Madrid,1x2,Real Madrid,41,1.29,Ganha,11.89
18/1/2014,Premier League,Arsenal x Fulham,1x2,Arsenal,31,1.58,Ganha,17.98
18/1/2014,Premier League,Liverpool x Aston Villa,1x2,Liverpool,47,1.22,Perdida,-47
18/1/2014,Premier League,Man City x Cardiff,1x2,Man City,27,1.13,Ganha,3.51
19/1/2014,La Liga,Ath Madrid x Sevilla,Primeiro a marcar,Ath Madrid para marcar 1º,15,1.76,Perdida,-15
19/1/2014,La Liga,Villarreal x Almeria,1x2,Villarreal,20,1.33,Ganha,6.6
19/1/2014,La Liga,Levante x Barcelona,1x2,Barcelona,40,1.17,Perdida,-40
19/1/2014,Premier League,Chelsea x Man United,1x2,Chelsea,33,1.38,Ganha,12.54
19/1/2014,Premier League,Swansea x Tottenham,Mais/Menos 2.5 Gols,Mais de 2.5 Gols,48,2.78,Ganha,85.44
24/1/2014,Bundesliga,M'gladbach x Bayern Munich,1x2,Bayern Munich,15,1.15,Ganha,2.25
25/1/2014,La Liga,Real Madrid x Granada,Primeiro a marcar,Real Madrid para marcar 1º,17,1.05,Ganha,0.85
25/1/2014,La Liga,Sevilla x Levante,1x2,Sevilla,22,1.36,Perdida,-22
25/1/2014,La Liga,Valencia x Espanol,1x2,Valencia,27,1.22,Perdida,-27
25/1/2014,La Liga,Valladolid x Villarreal,1x2,Villarreal,24,1.56,Perdida,-24
25/1/2014,Bundesliga,Dortmund x Augsburg,1x2,Dortmund,11,1.67,Perdida,-11
25/1/2014,Bundesliga,Freiburg x Leverkusen,1x2,Leverkusen,18,1.38,Perdida,-18
25/1/2014,Bundesliga,Nurnberg x Hoffenheim,Mais/Menos 2.5 Gols,Menos de 2.5 Gols,29,2.1,Perdida,-29
26/1/2014,La Liga,Barcelona x Malaga,1x2,Barcelona,46,1.08,Ganha,3.68
26/1/2014,La Liga,Vallecano x Ath Madrid,1x2,Ath Madrid,18,1.82,Ganha,14.76
26/1/2014,Bundesliga,Werder Bremen x Braunschweig,1x2,Werder Bremen,39,1.48,Perdida,-39
26/1/2014,Bundesliga,Hamburg x Schalke 04,1x2,Schalke 04,22,1.92,Ganha,20.24
28/1/2014,Premier League,Liverpool x Everton,1x2,Liverpool,11,1.46,Ganha,5.06
28/1/2014,Premier League,Man United x Cardiff,1x2,Man United,30,1.25,Ganha,7.5
28/1/2014,Premier League,Southampton x Arsenal,1x2,Arsenal,21,2.02,Perdida,-21
29/1/2014,Premier League,Aston Villa x West Brom,Mais/Menos 2.5 Gols,Menos de 2.5 Gols,39,2.08,Ganha,42.12
29/1/2014,Premier League,Chelsea x West Ham,1x2,Chelsea,39,1.18,Perdida,-39
29/1/2014,Premier League,Tottenham x Man City,1x2,Tottenham,14,3.9,Perdida,-14
29/1/2014,Bundesliga,Stuttgart x Bayern Munich,1x2,Bayern Munich,21,1.25,Ganha,5.25
31/1/2014,Bundesliga,Braunschweig x Dortmund,1x2,Dortmund,18,1.67,Ganha,12.06
1/2/2014,La Liga,Barcelona x Valencia,1x2,Barcelona,22,1.13,Perdida,-22
1/2/2014,La Liga,Malaga x Sevilla,1x2,Sevilla,13,1.92,Perdida,-13
1/2/2014,Premier League,Everton x Aston Villa,1x2,Everton,28,1.22,Ganha,6.16
1/2/2014,Premier League,Hull x Tottenham,1x2,Tottenham,26,2.13,Perdida,-26
1/2/2014,Premier League,Stoke x Man United,Primeiro a marcar,Man United para marcar 1º,22,1.25,Perdida,-22
1/2/2014,Bundesliga,Hoffenheim x Hamburg,1x2,Hoffenheim,38,1.64,Ganha,24.32
1/2/2014,Bundesliga,Leverkusen x Stuttgart,1x2,Leverkusen,17,1.2,Ganha,3.4
1/2/2014,Bundesliga,Schalke 04 x Wolfsburg,1x2,Schalke 04,47,1.6,Ganha,28.2
1/2/2014,Bundesliga,Augsburg x Werder Bremen,Mais/Menos 2.5 Gols,Menos de 2.5 Gols,48,4,Perdida,-48
2/2/2014,La Liga,Ath Madrid x Sociedad,1x2,Ath Madrid,34,1.69,Ganha,23.46
2/2/2014,La Liga,Ath Bilbao x Real Madrid,1x2,Real Madrid,47,1.29,Perdida,-47
2/2/2014,Premier League,Arsenal x Crystal Palace,Primeiro a marcar,Arsenal para marcar 1º,23,1.58,Ganha,13.34
2/2/2014,Premier League,West Brom x Liverpool,1x2,Liverpool,19,1.29,Perdida,-19
2/2/2014,Bundesliga,Bayern Munich x Ein Frankfurt,1x2,Bayern Munich,38,1.1,Ganha,3.8
3/2/2014,La Liga,Villarreal x Osasuna,1x2,Villarreal,48,1.33,Ganha,15.84
3/2/2014,Premier League,Man City x Chelsea,1x2,Man City,34,1.48,Perdida,-34
7/2/2014,Bundesliga,M'gladbach x Leverkusen,Primeiro a marcar,Leverkusen para marcar 1º,21,2.16,Ganha,24.36
8/2/2014,La Liga,Real Madrid x Villarreal,1x2,Real Madrid,45,1.33,Ganha,14.85
8/2/2014,La Liga,Valencia x Betis,1x2,Valencia,23,1.15,Ganha,3.45
8/2/2014,La Liga,Almeria x Ath Madrid,1x2,Ath Madrid,17,1.67,Perdida,-17
8/2/2014,Premier League,Aston Villa x West Ham,1x2,Aston Villa,36,1.68,Perdida,-36
8/2/2014,Premier League,Chelsea x Newcastle,1x2,Chelsea,24,1.25,Ganha,6
8/2/2014,Premier League,Liverpool x Arsenal,1x2,Liverpool,36,1.76,Ganha,27.36
8/2/2014,Premier League,Norwich x Man City,1x2,Man City,37,1.36,Perdida,-37
8/2/2014,Bundesliga,Werder Bremen x Dortmund,Primeiro a marcar,Werder Bremen para marcar 1º,12,6.4,Perdida,-12
8/2/2014,Bundesliga,Freiburg x Hoffenheim,Mais/Menos 2.5 Gols,Mais de 2.5 Gols,16,2,Perdida,-16
8/2/2014,Bundesliga,Nurnberg x Bayern Munich,Primeiro a marcar,Bayern Munich para marcar 1º,40,2.22,Ganha,48.8
9/2/2014,La Liga,Sevilla x Barcelona,1x2,Sevilla,31,4.8,Perdida,-31
9/2/2014,Premier League,Man United x Fulham,1x2,Man United,13,1.2,Perdida,-13
9/2/2014,Premier League,Tottenham x Everton,1x2,Tottenham,40,2.18,Ganha,47.2
9/2/2014,Bundesliga,Schalke 04 x Hannover,1x2,Schalke 04,14,1.25,Ganha,3.5
11/2/2014,Premier League,Cardiff x Aston Villa,Mais/Menos 2.5 Gols,Mais de 2.5 Gols,21,2.4,Perdida,-21
11/2/2014,Premier League,West Brom x Chelsea,1x2,Chelsea,36,1.2,Perdida,-36
12/2/2014,Premier League,Arsenal x Man United,1x2,Arsenal,15,2.23,Perdida,-15
12/2/2014,Premier League,Fulham x Liverpool,1x2,Liverpool,41,1.4,Ganha,16.4
12/2/2014,Premier League,Newcastle x Tottenham,1x2,Tottenham,19,2.39,Ganha,26.41
15/2/2014,La Liga,Ath Madrid x Valladolid,1x2,Ath Madrid,43,1.53,Ganha,22.79
15/2/2014,La Liga,Barcelona x Vallecano,1x2,Barcelona,11,1.07,Ganha,0.77
15/2/2014,La Liga,Villarreal x Celta,1x2,Villarreal,34,1.22,Perdida,-34
15/2/2014,Bundesliga,Bayern Munich x Freiburg,1x2,Bayern Munich,45,1.08,Ganha,3.6
15/2/2014,Bundesliga,Dortmund x Ein Frankfurt,1x2,Dortmund,33,1.62,Ganha,20.46
15/2/2014,Bundesliga,Hoffenheim x Stuttgart,1x2,Hoffenheim,28,1.56,Ganha,15.68
15/2/2014,Bundesliga,Leverkusen x Schalke 04,1x2,Leverkusen,12,1.68,Perdida,-12
15/2/2014,Bundesliga,Werder Bremen x M'gladbach,Mais/Menos 2.5 Gols,Menos de 2.5 Gols,36,2.8,Perdida,-36
16/2/2014,La Liga,Sevilla x Valencia,1x2,Sevilla,22,1.6,Perdida,-22
16/2/2014,La Liga,Getafe x Real Madrid,Primeiro a marcar,Real Madrid para marcar 1º,14,1.29,Ganha,4.06
21/2/2014,Bundesliga,Schalke 04 x Mainz,1x2,Schalke 04,45,1.4,Perdida,-45
22/2/2014,La Liga,Real Madrid x Elche,1x2,Real Madrid,41,1.07,Ganha,2.87
22/2/2014,La Liga,Sociedad x Barcelona,1x2,Barcelona,43,1.36,Perdida,-43
22/2/2014,Premier League,Arsenal x Sunderland,1x2,Arsenal,19,1.72,Ganha,13.68
22/2/2014,Premier League,Chelsea x Everton,1x2,Chelsea,44,1.25,Ganha,11
22/2/2014,Premier League,Man City x Stoke,1x2,Man City,32,1.18,Ganha,5.76
22/2/2014,Premier League,Crystal Palace x Man United,1x2,Man United,22,1.28,Ganha,6.16
22/2/2014,Bundesliga,Hamburg x Dortmund,Primeiro a marcar,Dortmund para marcar 1º,32,1.76,Perdida,-32
22/2/2014,Bundesliga,M'gladbach x Hoffenheim,1x2,Hoffenheim,35,2.88,Perdida,-35
22/2/2014,Bundesliga,Wolfsburg x Leverkusen,Mais/Menos 2.5 Gols,Mais de 2.5 Gols,19,2.24,Perdida,-19
23/2/2014,La Liga,Valencia x Granada,1x2,Valencia,45,1.2,Ganha,9
23/2/2014,La Liga,Vallecano x Sevilla,1x2,Sevilla,25,1.8,Ganha,20
23/2/2014,La Liga,Osasuna x Ath Madrid,1x2,Ath Madrid,46,1.56,Perdida,-46
23/2/2014,Premier League,Liverpool x Swansea,1x2,Liverpool,46,1.3,Ganha,13.8
23/2/2014,Premier League,Newcastle x Aston Villa,Primeiro a marcar,Aston Villa para marcar 1º,43,3.12,Perdida,-43
23/2/2014,Premier League,Norwich x Tottenham,1x2,Tottenham,41,2.18,Perdida,-41
23/2/2014,Bundesliga,Ein Frankfurt x Werder Bremen,1x2,Werder Bremen,47,3.8,Perdida,-47
23/2/2014,Bundesliga,Hannover x Bayern Munich,1x2,Bayern Munich,38,1.22,Ganha,8.36
24/2/2014,La Liga,Espanol x Villarreal,1x2,Villarreal,34,2.24,Ganha,42.16
1/3/2014,Premier League,Everton x West Ham,1x2,Everton,29,1.22,Ganha,6.38
1/3/2014,Premier League,Fulham x Chelsea,1x2,Chelsea,27,1.16,Ganha,4.32
1/3/2014,Premier League,Southampton x Liverpool,1x2,Liverpool,42,1.64,Ganha,26.88
1/3/2014,Premier League,Stoke x Arsenal,1x2,Arsenal,46,1.79,Perdida,-46
1/3/2014,Bundesliga,Bayern Munich x Schalke 04,1x2,Bayern Munich,34,1.18,Ganha,6.12
1/3/2014,Bundesliga,Dortmund x Nurnberg,1x2,Dortmund,46,1.58,Ganha,26.68
1/3/2014,Bundesliga,Leverkusen x Mainz,1x2,Leverkusen,24,1.4,Perdida,-24
1/3/2014,Bundesliga,Werder Bremen x Hamburg,1x2,Werder Bremen,18,2.1,Ganha,19.8
2/3/2014,La Liga,Ath Madrid x Real Madrid,1x2,Ath Madrid,18,3.64,Perdida,-18
2/3/2014,La Liga,Barcelona x Almeria,1x2,Barcelona,39,1.05,Ganha,1.95
2/3/2014,La Liga,Sevilla x Sociedad,1x2,Sevilla,15,1.52,Ganha,7.8
2/3/2014,La Liga,Villarreal x Betis,1x2,Villarreal,37,1.36,Perdida,-37
2/3/2014,La Liga,Vallecano x Valencia,1x2,Valencia,44,1.76,Perdida,-44
2/3/2014,Premier League,Aston Villa x Norwich,Primeiro a marcar,Aston Villa para marcar 1º,45,1.68,Ganha,30.6
2/3/2014,Premier League,Tottenham x Cardiff,1x2,Tottenham,45,1.72,Ganha,32.4
2/3/2014,Bundesliga,Hoffenheim x Wolfsburg,Mais/Menos 2.5 Gols,Menos de 2.5 Gols,26,2.08,Ganha,28.08
8/3/2014,La Liga,Celta x Ath Madrid,1x2,Ath Madrid,30,1.97,Ganha,29.1
8/3/2014,La Liga,Granada x Villarreal,1x2,Villarreal,41,1.76,Perdida,-41
8/3/2014,La Liga,Valladolid x Barcelona,1x2,Barcelona,47,1.2,Perdida,-47
8/3/2014,Premier League,Chelsea x Tottenham,1x2,Chelsea,46,1.25,Ganha,11.5
8/3/2014,Premier League,West Brom x Man United,1x2,Man United,37,1.46,Ganha,17.02
8/3/2014,Bundesliga,Schalke 04 x Hoffenheim,1x2,Schalke 04,38,1.4,Ganha,15.2
8/3/2014,Bundesliga,Hannover x Leverkusen,Mais/Menos 2.5 Gols,Menos de 2.5 Gols,34,1.84,Perdida,-34
8/3/2014,Bundesliga,Nurnberg x Werder Bremen,1x2,Werder Bremen,13,3.2,Ganha,28.6
8/3/2014,Bundesliga,Wolfsburg x Bayern Munich,1x2,Bayern Munich,49,1.29,Ganha,14.21
9/3/2014,La Liga,Real Madrid x Levante,1x2,Real Madrid,23,1.05,Ganha,1.15
9/3/2014,La Liga,Valencia x Ath Bilbao,1x2,Valencia,14,1.8,Perdida,-14
9/3/2014,La Liga,Almeria x Sevilla,1x2,Sevilla,11,1.68,Ganha,7.48
9/3/2014,Bundesliga,Freiburg x Dortmund,1x2,Dortmund,37,1.72,Ganha,26.64
14/3/2014,Bundesliga,Augsburg x Schalke 04,Mais/Menos 2.5 Gols,Menos de 2.5 Gols,35,2.48,Ganha,51.8
15/3/2014,La Liga,Ath Madrid x Espanol,1x2,Ath Madrid,45,1.67,Ganha,30.15
15/3/2014,La Liga,Malaga x Real Madrid,1x2,Real Madrid,48,1.25,Ganha,12
15/3/2014,Premier League,Aston Villa x Chelsea,Primeiro a marcar,Aston Villa para marcar 1º,47,5.6,Ganha,216.2
15/3/2014,Premier League,Everton x Cardiff,1x2,Everton,18,1.36,Ganha,6.48
15/3/2014,Premier League,Hull x Man City,1x2,Man City,32,1.25,Ganha,8
15/3/2014,Bundesliga,Bayern Munich x Leverkusen,Primeiro a marcar,Bayern Munich para marcar 1º,42,2.14,Ganha,47.88
15/3/2014,Bundesliga,Dortmund x M'gladbach,1x2,Dortmund,37,1.76,Perdida,-37
15/3/2014,Bundesliga,Hoffenheim x Mainz,1x2,Hoffenheim,36,1.76,Perdida,-36
15/3/2014,Bundesliga,Werder Bremen x Stuttgart,1x2,Werder Bremen,12,2,Perdida,-12
16/3/2014,La Liga,Barcelona x Osasuna,1x2,Barcelona,48,1.05,Ganha,2.4
16/3/2014,La Liga,Sevilla x Valladolid,Primeiro a marcar,Sevilla para marcar 1º,28,1.15,Ganha,4.2
16/3/2014,La Liga,Sociedad x Valencia,1x2,Valencia,25,2.72,Perdida,-25
16/3/2014,Premier League,Man United x Liverpool,Mais/Menos 2.5 Gols,Mais de 2.5 Gols,34,2,Perdida,-34
16/3/2014,Premier League,Tottenham x Arsenal,Mais/Menos 2.5 Gols,Mais de 2.5 Gols,25,2.48,Ganha,37
17/3/2014,La Liga,Villarreal x Ath Bilbao,1x2,Villarreal,13,1.8,Perdida,-13
21/3/2014,Bundesliga,Freiburg x Werder Bremen,Primeiro a marcar,Werder Bremen para marcar 1º,14,2.6,Perdida,-14
22/3/2014,Premier League,Chelsea x Arsenal,1x2,Chelsea,40,1.48,Ganha,19.2
22/3/2014,Premier League,Everton x Swansea,1x2,Everton,31,1.33,Ganha,10.23
22/3/2014,Premier League,Man City x Fulham,1x2,Man City,31,1.17,Ganha,5.27
22/3/2014,Premier League,Cardiff x Liverpool,Primeiro a marcar,Liverpool para marcar 1º,35,1.36,Ganha,12.6
22/3/2014,Premier League,West Ham x Man United,1x2,Man United,22,1.52,Ganha,11.44
22/3/2014,Bundesliga,Schalke 04 x Braunschweig,1x2,Schalke 04,28,1.4,Ganha,11.2
22/3/2014,Bundesliga,Hannover x Dortmund,1x2,Dortmund,28,1.72,Ganha,20.16
22/3/2014,Bundesliga,Mainz x Bayern Munich,1x2,Bayern Munich,45,1.22,Ganha,9.9
23/3/2014,La Liga,Real Madrid x Barcelona,1x2,Real Madrid,48,1.8,Perdida,-48
23/3/2014,La Liga,Valencia x Villarreal,1x2,Valencia,47,1.64,Ganha,30.08
23/3/2014,La Liga,Betis x Ath Madrid,1x2,Ath Madrid,47,1.62,Ganha,29.14
23/3/2014,La Liga,Osasuna x Sevilla,1x2,Sevilla,24,1.9,Ganha,21.6
23/3/2014,Premier League,Aston Villa x Stoke,1x2,Aston Villa,43,1.76,Perdida,-43
23/3/2014,Premier League,Tottenham x Southampton,1x2,Tottenham,17,2.34,Ganha,22.78
23/3/2014,Bundesliga,Leverkusen x Hoffenheim,1x2,Leverkusen,36,1.38,Perdida,-36
25/3/2014,Premier League,Arsenal x Swansea,Primeiro a marcar,Arsenal para marcar 1º,32,1.62,Perdida,-32
25/3/2014,Premier League,Man United x Man City,1x2,Man United,41,2.8,Perdida,-41
25/3/2014,Bundesliga,Dortmund x Schalke 04,1x2,Dortmund,39,1.49,Perdida,-39
25/3/2014,Bundesliga,Werder Bremen x Wolfsburg,Mais/Menos 2.5 Gols,Menos de 2.5 Gols,50,2.48,Perdida,-50
25/3/2014,Bundesliga,Hertha x Bayern Munich,1x2,Bayern Munich,20,1.2,Ganha,4
26/3/2014,La Liga,Ath Madrid x Granada,1x2,Ath Madrid,35,1.53,Ganha,18.55
26/3/2014,La Liga,Barcelona x Celta,1x2,Barcelona,43,1.05,Ganha,2.15
26/3/2014,La Liga,Sevilla x Real Madrid,Mais/Menos 2.5 Gols,Mais de 2.5 Gols,17,4.4,Ganha,57.8
26/3/2014,Premier League,Liverpool x Sunderland,1x2,Liverpool,21,1.17,Ganha,3.57
26/3/2014,Bundesliga,Hoffenheim x Hannover,1x2,Hoffenheim,20,1.52,Ganha,10.4
26/3/2014,Bundesliga,Augsburg x Leverkusen,Mais/Menos 2.5 Gols,Menos de 2.5 Gols,12,2.3,Ganha,15.6
27/3/2014,La Liga,Almeria x Valencia,1x2,Valencia,47,1.56,Perdida,-47
27/3/2014,La Liga,Getafe x Villarreal,Primeiro a marcar,Villarreal para marcar 1º,11,1.76,Ganha,8.36
28/3/2014,Bundesliga,Schalke 04 x Hertha,1x2,Schalke 04,37,1.44,Ganha,16.28
29/3/2014,La Liga,Real Madrid x Vallecano,1x2,Real Madrid,16,1.04,Ganha,0.64
29/3/2014,La Liga,Ath Bilbao x Ath Madrid,Mais/Menos 2.5 Gols,Mais de 2.5 Gols,22,1.92,Ganha,20.24
29/3/2014,La Liga,Celta x Sevilla,Primeiro a marcar,Sevilla para marcar 1º,16,1.9,Perdida,-16
29/3/2014,La Liga,Espanol x Barcelona,1x2,Barcelona,38,1.33,Ganha,12.54
29/3/2014,Premier League,Arsenal x Man City,Primeiro a marcar,Arsenal para marcar 1º,50,3.74,Perdida,-50
29/3/2014,Premier League,Man United x Aston Villa,1x2,Man United,16,1.16,Ganha,2.56
29/3/2014,Premier League,Crystal Palace x Chelsea,1x2,Chelsea,43,1.4,Perdida,-43
29/3/2014,Bundesliga,Bayern Munich x Hoffenheim,1x2,Bayern Munich,41,1.14,Perdida,-41
29/3/2014,Bundesliga,Leverkusen x Braunschweig,1x2,Leverkusen,26,1.33,Perdida,-26
29/3/2014,Bundesliga,Stuttgart x Dortmund,1x2,Dortmund,13,1.72,Ganha,9.36
30/3/2014,La Liga,Valencia x Getafe,1x2,Valencia,12,1.4,Perdida,-12
30/3/2014,La Liga,Villarreal x Elche,1x2,Villarreal,19,1.15,Perdida,-19
30/3/2014,Premier League,Liverpool x Tottenham,1x2,Liverpool,28,1.18,Ganha,5.04
30/3/2014,Bundesliga,Hannover x Werder Bremen,1x2,Werder Bremen,48,3.04,Ganha,97.92
4/4/2014,Bundesliga,Hamburg x Leverkusen,1x2,Leverkusen,18,1.68,Perdida,-18
5/4/2014,La Liga,Ath Madrid x Villarreal,1x2,Ath Madrid,31,1.56,Ganha,17.36
5/4/2014,La Liga,Barcelona x Betis,1x2,Barcelona,26,1.05,Ganha,1.3
5/4/2014,La Liga,Sociedad x Real Madrid,1x2,Real Madrid,11,1.25,Ganha,2.75
5/4/2014,Premier League,Aston Villa x Fulham,1x2,Aston Villa,23,1.64,Perdida,-23
5/4/2014,Premier League,Chelsea x Stoke,1x2,Chelsea,36,1.29,Ganha,10.44
5/4/2014,Premier League,Man City x Southampton,1x2,Man City,35,1.33,Ganha,11.55
5/4/2014,Premier League,Newcastle x Man United,1x2,Man United,22,1.56,Ganha,12.32
5/4/2014,Bundesliga,Dortmund x Wolfsburg,1x2,Dortmund,30,1.49,Ganha,14.7
5/4/2014,Bundesliga,Werder Bremen x Schalke 04,1x2,Werder Bremen,48,2.88,Perdida,-48
5/4/2014,Bundesliga,Augsburg x Bayern Munich,Primeiro a marcar,Bayern Munich para marcar 1º,35,1.36,Perdida,-35
6/4/2014,La Liga,Sevilla x Espanol,1x2,Sevilla,37,1.33,Ganha,12.21
6/4/2014,La Liga,Valladolid x Valencia,Mais/Menos 2.5 Gols,Mais de 2.5 Gols,39,2,Perdida,-39
6/4/2014,Premier League,Everton x Arsenal,Mais/Menos 2.5 Gols,Menos de 2.5 Gols,31,2,Ganha,31
6/4/2014,Premier League,West Ham x Liverpool,1x2,Liverpool,50,1.4,Ganha,20
6/4/2014,Bundesliga,Hertha x Hoffenheim,Mais/Menos 2.5 Gols,Menos de 2.5 Gols,38,2.16,Perdida,-38
7/4/2014,Premier League,Tottenham x Sunderland,1x2,Tottenham,12,1.62,Ganha,7.44
11/4/2014,Bundesliga,Schalke 04 x Ein Frankfurt,1x2,Schalke 04,23,1.33,Ganha,7.59
12/4/2014,La Liga,Real Madrid x Almeria,1x2,Real Madrid,13,1.05,Ganha,0.65
12/4/2014,La Liga,Villarreal x Levante,1x2,Villarreal,13,1.4,Ganha,5.2
12/4/2014,La Liga,Granada x Barcelona,1x2,Barcelona,29,1.25,Perdida,-29
12/4/2014,Premier League,Crystal Palace x Aston Villa,Mais/Menos 2.5 Gols,Menos de 2.5 Gols,39,3.12,Perdida,-39
12/4/2014,Premier League,West Brom x Tottenham,Mais/Menos 2.5 Gols,Menos de 2.5 Gols,47,1.9,Perdida,-47
12/4/2014,Bundesliga,Bayern Munich x Dortmund,Primeiro a marcar,Bayern Munich para marcar 1º,28,1.2,Perdida,-28
12/4/2014,Bundesliga,Mainz x Werder Bremen,1x2,Werder Bremen,32,3.46,Perdida,-32
13/4/2014,La Liga,Valencia x Elche,Primeiro a marcar,Valencia para marcar 1º,21,1.29,Ganha,6.09
13/4/2014,La Liga,Betis x Sevilla,1x2,Sevilla,20,1.76,Ganha,15.2
13/4/2014,La Liga,Getafe x Ath Madrid,1x2,Ath Madrid,21,1.49,Ganha,10.29
13/4/2014,Premier League,Liverpool x Man City,Mais/Menos 2.5 Gols,Mais de 2.5 Gols,25,2.36,Ganha,34
13/4/2014,Premier League,Swansea x Chelsea,1x2,Chelsea,11,1.46,Ganha,5.06
13/4/2014,Bundesliga,Hoffenheim x Augsburg,Mais/Menos 2.5 Gols,Menos de 2.5 Gols,45,1.92,Ganha,41.4
13/4/2014,Bundesliga,Leverkusen x Hertha,1x2,Leverkusen,20,1.33,Ganha,6.6
15/4/2014,Premier League,Arsenal x West Ham,1x2,Arsenal,39,1.82,Ganha,31.98
16/4/2014,Premier League,Everton x Crystal Palace,1x2,Everton,34,1.4,Perdida,-34
16/4/2014,Premier League,Man City x Sunderland,1x2,Man City,34,1.17,Perdida,-34
18/4/2014,La Liga,Ath Madrid x Elche,1x2,Ath Madrid,48,1.56,Ganha,26.88
19/4/2014,La Liga,Osasuna x Valencia,1x2,Valencia,30,2.16,Perdida,-30
19/4/2014,Premier League,Aston Villa x Southampton,Primeiro a marcar,Aston Villa para marcar 1º,13,2.72,Perdida,-13
19/4/2014,Premier League,Chelsea x Sunderland,1x2,Chelsea,42,1.18,Perdida,-42
19/4/2014,Premier League,Tottenham x Fulham,1x2,Tottenham,14,1.56,Ganha,7.84
19/4/2014,Bundesliga,Dortmund x Mainz,1x2,Dortmund,20,1.76,Ganha,15.2
19/4/2014,Bundesliga,Werder Bremen x Hoffenheim,1x2,Werder Bremen,25,2.24,Ganha,31
19/4/2014,Bundesliga,Braunschweig x Bayern Munich,1x2,Bayern Munich,48,1.4,Ganha,19.2
20/4/2014,La Liga,Sevilla x Granada,1x2,Sevilla,17,1.4,Ganha,6.8
20/4/2014,La Liga,Barcelona x Ath Bilbao,1x2,Barcelona,15,1.2,Ganha,3
20/4/2014,Premier League,Everton x Man United,Primeiro a marcar,Everton para marcar 1º,31,1.92,Ganha,28.52
20/4/2014,Premier League,Hull x Arsenal,1x2,Arsenal,16,1.87,Ganha,13.92
20/4/2014,Premier League,Norwich x Liverpool,1x2,Liverpool,12,1.33,Ganha,3.96
20/4/2014,Bundesliga,Nurnberg x Leverkusen,1x2,Leverkusen,47,1.52,Ganha,24.44
20/4/2014,Bundesliga,Stuttgart x Schalke 04,Mais/Menos 2.5 Gols,Menos de 2.5 Gols,34,2,Perdida,-34
21/4/2014,La Liga,Malaga x Villarreal,Primeiro a marcar,Villarreal para marcar 1º,33,2,Perdida,-33
21/4/2014,Premier League,Man City x West Brom,1x2,Man City,42,1.2,Ganha,8.4
26/4/2014,La Liga,Real Madrid x Osasuna,1x2,Real Madrid,38,1.05,Ganha,1.9
26/4/2014,Premier League,Man United x Norwich,1x2,Man United,20,1.36,Ganha,7.2
26/4/2014,Premier League,Stoke x Tottenham,1x2,Tottenham,16,2.47,Ganha,23.52
26/4/2014,Premier League,Swansea x Aston Villa,Primeiro a marcar,Aston Villa para marcar 1º,15,4.8,Perdida,-15
26/4/2014,Bundesliga,Bayern Munich x Werder Bremen,1x2,Bayern Munich,15,1.2,Ganha,3
26/4/2014,Bundesliga,Hoffenheim x Ein Frankfurt,1x2,Hoffenheim,23,1.52,Perdida,-23
26/4/2014,Bundesliga,Leverkusen x Dortmund,Mais/Menos 2.5 Gols,Mais de 2.5 Gols,15,2.4,Perdida,-15
27/4/2014,La Liga,Valencia x Ath Madrid,1x2,Valencia,11,3.46,Perdida,-11
27/4/2014,La Liga,Villarreal x Barcelona,1x2,Villarreal,33,5.2,Perdida,-33
27/4/2014,La Liga,Ath Bilbao x Sevilla,1x2,Sevilla,40,3,Perdida,-40
27/4/2014,Premier League,Liverpool x Chelsea,1x2,Liverpool,25,1.33,Perdida,-25
27/4/2014,Premier League,Crystal Palace x Man City,1x2,Man City,16,1.15,Ganha,2.4
27/4/2014,Bundesliga,Schalke 04 x M'gladbach,1x2,Schalke 04,31,1.6,Perdida,-31
28/4/2014,Premier League,Arsenal x Newcastle,1x2,Arsenal,48,1.67,Ganha,32.16
3/5/2014,La Liga,Barcelona x Getafe,1x2,Barcelona,13,1.07,Perdida,-13
3/5/2014,Premier League,Aston Villa x Hull,1x2,Aston Villa,26,2,Ganha,26
3/5/2014,Premier League,Man United x Sunderland,1x2,Man United,35,1.36,Perdida,-35
3/5/2014,Premier League,Everton x Man City,Mais/Menos 2.5 Gols,Menos de 2.5 Gols,44,4,Perdida,-44
3/5/2014,Premier League,West Ham x Tottenham,1x2,Tottenham,44,1.97,Perdida,-44
3/5/2014,Bundesliga,Dortmund x Hoffenheim,1x2,Dortmund,13,1.76,Ganha,9.88
3/5/2014,Bundesliga,Werder Bremen x Hertha,1x2,Werder Bremen,32,2.1,Ganha,35.2
3/5/2014,Bundesliga,Ein Frankfurt x Leverkusen,1x2,Leverkusen,47,1.4,Ganha,18.8
3/5/2014,Bundesliga,Freiburg x Schalke 04,1x2,Schalke 04,26,1.56,Ganha,14.56
3/5/2014,Bundesliga,Hamburg x Bayern Munich,Primeiro a marcar,Bayern Munich para marcar 1º,42,2.46,Ganha,61.32
4/5/2014,La Liga,Sevilla x Villarreal,1x2,Sevilla,22,1.4,Perdida,-22
4/5/2014,La Liga,Real Madrid x Valencia,1x2,Real Madrid,31,1.14,Perdida,-31
4/5/2014,La Liga,Levante x Ath Madrid,1x2,Ath Madrid,18,1.58,Perdida,-18
4/5/2014,Premier League,Arsenal x West Brom,1x2,Arsenal,39,1.67,Ganha,26.13
4/5/2014,Premier League,Chelsea x Norwich,1x2,Chelsea,47,1.2,Perdida,-47
5/5/2014,Premier League,Crystal Palace x Liverpool,1x2,Liverpool,17,1.4,Perdida,-17
6/5/2014,Premier League,Man United x Hull,1x2,Man United,48,1.36,Ganha,17.28
7/5/2014,La Liga,Valladolid x Real Madrid,1x2,Real Madrid,46,1.2,Perdida,-46
7/5/2014,Premier League,Man City x Aston Villa,1x2,Man City,26,1.14,Ganha,3.64
10/5/2014,La Liga,Villarreal x Vallecano,1x2,Villarreal,42,1.25,Ganha,10.5
10/5/2014,La Liga,Levante x Valencia,1x2,Valencia,44,1.72,Perdida,-44
10/5/2014,Bundesliga,Bayern Munich x Stuttgart,1x2,Bayern Munich,28,1.2,Ganha,5.6
10/5/2014,Bundesliga,Hoffenheim x Braunschweig,1x2,Hoffenheim,13,1.33,Ganha,4.29
10/5/2014,Bundesliga,Leverkusen x Werder Bremen,1x2,Leverkusen,46,1.25,Ganha,11.5
10/5/2014,Bundesliga,Schalke 04 x Nurnberg,Primeiro a marcar,Schalke 04 para marcar 1º,43,1.29,Ganha,12.47
10/5/2014,Bundesliga,Hertha x Dortmund,1x2,Dortmund,49,1.58,Ganha,28.42
11/5/2014,La Liga,Ath Madrid x Malaga,1x2,Ath Madrid,27,1.56,Perdida,-27
11/5/2014,La Liga,Celta x Real Madrid,1x2,Real Madrid,39,1.4,Perdida,-39
11/5/2014,La Liga,Elche x Barcelona,1x2,Barcelona,16,1.2,Perdida,-16
11/5/2014,La Liga,Getafe x Sevilla,Mais/Menos 2.5 Gols,Menos de 2.5 Gols,49,3.2,Perdida,-49
11/5/2014,Premier League,Liverpool x Newcastle,Primeiro a marcar,Liverpool para marcar 1º,38,1.22,Ganha,8.36
11/5/2014,Premier League,Man City x West Ham,1x2,Man City,28,1.17,Ganha,4.76
11/5/2014,Premier League,Tottenham x Aston Villa,1x2,Tottenham,16,1.56,Ganha,8.96
11/5/2014,Premier League,Cardiff x Chelsea,1x2,Chelsea,37,1.15,Ganha,5.55
11/5/2014,Premier League,Norwich x Arsenal,Primeiro a marcar,Arsenal para marcar 1º,30,2.62,Ganha,48.6
11/5/2014,Premier League,Southampton x Man United,1x2,Man United,38,2.24,Perdida,-38
17/5/2014,La Liga,Barcelona x Ath Madrid,1x2,Barcelona,32,1.48,Perdida,-32
17/5/2014,La Liga,Real Madrid x Espanol,1x2,Real Madrid,27,1.33,Ganha,8.91
17/5/2014,La Liga,Valencia x Celta,Primeiro a marcar,Valencia para marcar 1º,44,1.4,Ganha,17.6
18/5/2014,La Liga,Sevilla x Elche,1x2,Sevilla,50,1.44,Ganha,22
18/5/2014,La Liga,Sociedad x Villarreal,1x2,Villarreal,26,2.8,Ganha,46.8
